S.No,Book Title,Author,Translation Author,ISBN,Book Code,"Digital 
Copyrights","Digitized 
(PDF Unicode Text)",eBook (EPUB),"Amazon Kindle 
Link","Google Playbooks 
Link","References 
Link",Audio Books,"Google Link for 
Audio Books"
1,Life of Ramakrishna (Nikhilananda) … [HB],Swami Nikhilananda,,9788175050617,ARED01,Yes,Yes,Yes,,,,No,
2,Life of Ramakrishna (by R.Rolland) … [HB],Romain Rolland,,9788185301440,ARED03,,,,,,,,
3,Ramakrishna and His Disciples … … [HB],Christopher Isherwood,,9788185301181,ARE005,,,,,,,,
4,Ramakrishna: A Biography in Pictures [HB],Swami Smaranananda & Chetanananda,,9788175051317,ARE006,,,,,,,,
5,Ramakrishna: Life and Sayings (Max Muller),Max Muller,,9788175050600,ARE007,,,,,,,,
6,Ramakrishna and His Unique Message,Swami Ghanananda,,9788175050716,ARE008,,,,,,,,
7,Short Life of Ramakrishna,Swami Tejasananda,,9788175050723,ARE009,,,,,,,,
8,My Master,Swami Vivekananda,,9788175050563,ARE010,,,,,,,,
9,Teachings of Ramakrishna,Ramakrishna,,9788185301198,ARE011,,,,,,,,
10,Ramakrishna: Great Prophet of Harmony [HB],Compilation,,9788175052079,ARE013,,,,,,,,
11,Ramakrishna and His Message,Swami Vivekananda,,9788175050747,ARE014,,,,,,,,
12,Ramakrishna as We Saw Him … … … [HB],Swami Chetanananda,,9788185301037,ARE018,,,,,,,,
13,How to Live with God … … … [HB],Swami Chetanananda,,9788175052994,ARE026,,,,,,,,
14,More About Ramakrishna,Swami Prabhananda,,9788175050778,ARE019,,,,,,,,
15,"Ramakrishna & His Gospel, Vol.1 … [HB]",Swami Bhuteshananda,,9788175052123,ARE020,,,,,,,,
16,"Ramakrishna & His Gospel, Vol.2 …[HB]",Swami Bhuteshananda,,9788175052888,ARE021,,,,,,,,
17,"Ramakrishna & His Gospel, Vol.3 …[HB]",Swami Bhuteshananda,,9788175054431,ARE034,,,,,,,,
18,RAMAKRISHNA AND HIS GOSPEL [SET],Swami Bhuteshananda,,,ARE022,,,,,,,,
19,Sri Ramakrishna: God of All,Swami Atmasthananda,,9788175052321,ARE023,,,,,,,,
20,The World Sri Ramakrishna Knew,Dr. Jaladhikumar Sarkar,,9788175052307,ARE025,,,,,,,,
21,Kamarpukur and Jayrambati,Swami Tejasananda,,9788175053595,ARE016,,,,,,,,
22,Western Admirers of RK & His Disciples,Gopal Stavig,,9788175053342,ARE027,,,,,,,,
23,Approaching Ramakrishna,Compilation,,9788175053489,ARE028,,,,,,,,
24,Companions & Followers of Ramakrishna,Compilation,,9788175053601,ARE029,,,,,,,,
25,The Light Of Modern World,Swami Bhajanananda,,9788175053694,ARE030,,,,,,,,
26,The Life Story of Sri Ramakrishna,Ramchandra Datta,,9788175054226,ARE031,,,,,,,,
27,Sri Ramakrishna on Himself,Compilation,,9788175054219,ARE032,,,,,,,,
28,RAMAKRISHNA LIFE AND MESSAGE,Swami Vijnanananda,,9788175054288,ARE033,,,,,,,,
29,UNIQUENESS OF RAMAKRISHNA INCARNATION,Swami Bhuteshananda,,9788175054745,ARE035,,,,,,,,
30,Short Life of Holy Mother,Swami Pavitrananda,,9788175050310,AHE001,,,,,,,,
31,Sri Sarada Devi: A Biography in Pictures[HB],Swami Smaranananda & Gitananda,,9788175050785,AHE004,,,,,,,,
32,Sarada Devi: The Great Wonder … … [HB],Compilation,,9788185301570,AHE005,,,,,,,,
33,In the Company of the Holy Mother,Compilation,,9788175050792,AHE006,,,,,,,,
34,Sri Sarada Devi: The Mother of All,Swami Atmasthananda,,9788175052291,AHE007,,,,,,,,
35,The Compassionate Mother,Swami Tanmayananda,,9788175053281,AHE009,,,,,,,,
36,Reminiscences of Sarada Devi [HB],Swami Purnatmananda,,9788175052635,AHE010,,,,,,,,
37,Great Women of India … … … … … [HB],Swami Madhavananda,,9788185301303,AHE002,,,,,,,,
38,Vedanta and Holy Mother,Swami Swahananda,,9788175053663,AHE011,,,,,,,,
39,MY BLESSED DAYS WITH HOLY MOTHER,Swami Ishanananda,,9788175054721,AHE012,,,,,,,,
40,LIFE OF VIVEKANANDA BY E&W [SET] [D],Eastern & Western Disciples,,9788175050426,AVED01,,,,,,,,
41,Life of Sw. Vivekananda Vol.1   by his Eastern & Western Disciples,Eastern & Western Disciples,,9788175050433,AVED02,,,,,,,,
42,Life of Sw. Vivekananda Vol. 2 by his Eastern & Western Disciples,Eastern & Western Disciples,,9788175050440,AVED03,,,,,,,,
43,Short Life of Swami Vivekananda,Swami Tejasananda,,9788175050303,AVE004,,,,,,,,
44,Life of Vivekananda (by R.Rolland) … [HB],Romain Rolland,,9788185301013,AVED05,,,,,,,,
45,Vivekananda: A Biography (Nikhilananda),Swami Nikhilananda,,9788185301419,AVE007,,,,,,,,
46,Vivekananda: A Biography in Pictures [HB],Swami Smaranananda & Gitananda,,9788175050808,AVE009,,,,,,,,
47,Swami Vivekananda on Himself,Swami Vivekananda,,9788175052802,AVE113,,,,,,,,
48,Complete Works of Vivekananda Set [PB],Swami Vivekananda,,9788175053823,AVE012,,,,,,,,
49,Complete Works of Vivekananda [PB] Vol 1,Swami Vivekananda,,9788175053731,AVE013,,,,,,,,
50,Complete Works of Vivekananda [PB] Vol 2,Swami Vivekananda,,9788175053748,AVE014,,,,,,,,
51,Complete Works of Vivekananda [PB] Vol 3,Swami Vivekananda,,9788175053755,AVE015,,,,,,,,
52,Complete Works of Vivekananda [PB] Vol 4,Swami Vivekananda,,9788175053762,AVE016,,,,,,,,
53,Complete Works of Vivekananda [PB] Vol 5,Swami Vivekananda,,9788175053779,AVE017,,,,,,,,
54,Complete Works of Vivekananda [PB] Vol 6,Swami Vivekananda,,9788175053786,AVE018,,,,,,,,
55,Complete Works of Vivekananda [PB] Vol 7,Swami Vivekananda,,9788175053793,AVE019,,,,,,,,
56,Complete Works of Vivekananda [PB] Vol 8,Swami Vivekananda,,9788175053809,AVE020,,,,,,,,
57,Complete Works of Vivekananda [PB] Vol 9,Swami Vivekananda,,9788175053816,AVE021,,,,,,,,
58,Complete Works of Vivekananda Set [HB],Swami Vivekananda,,9788175053922,AVED11,,,,,,,,
59,Complete Works of Vivekananda [HB] Vol 1,Swami Vivekananda,,9788175053830,AVED13,,,,,,,,
60,Complete Works of Vivekananda [HB] Vol 2,Swami Vivekananda,,9788175053847,AVED14,,,,,,,,
61,Complete Works of Vivekananda [HB] Vol 3,Swami Vivekananda,,9788185301785,AVED15,,,,,,,,
62,Complete Works of Vivekananda [HB] Vol 4,Swami Vivekananda,,9788175053861,AVED16,,,,,,,,
63,Complete Works of Vivekananda [HB] Vol 5,Swami Vivekananda,,9788175053878,AVED17,,,,,,,,
64,Complete Works of Vivekananda [HB] Vol 6,Swami Vivekananda,,9788175053885,AVED18,,,,,,,,
65,Complete Works of Vivekananda [HB] Vol 7,Swami Vivekananda,,9788175053892,AVED19,,,,,,,,
66,Complete Works of Vivekananda [HB] Vol 8,Swami Vivekananda,,9788175053908,AVED20,,,,,,,,
67,Complete Works of Vivekananda [HB] Vol 9,Swami Vivekananda,,9788175053915,AVED21,,,,,,,,
68,Selections from Complete Works of Vivekananda   [HB],Swami Vivekananda,,9788175050761,AVED30,,,,,,,,
69,Vivekananda: Man and His Message,Swami Vivekananda,,9788175050006,AVE099,,,,,,,,
70,Vivekananda: The Great Spiritual Teacher[HB],Compilation,,9788175051478,AVE102,,,,,,,,
71,Vivekananda—A Historical Review … [HB],R C Majumder,,9788175052024,AVE108,,,,,,,,
72,Living at the Source,Swami Vivekananda,,9788185301358,AVE101,,,,,,,,
73,Vedanta: Voice of Freedom,Swami Chetanananda,,9788185301235,AVE031,,,,,,,,
74,Raja Yoga,Swami Vivekananda,,9788185301167,AVE032,,,,,,,,
75,Karma Yoga,Swami Vivekananda,,9788185301891,AVE034,,,,,,,,
76,Bhakti Yoga,Swami Vivekananda,,9788185301976,AVE036,,,,,,,,
77,Jnana Yoga,Swami Vivekananda,,9788185301983,AVE038,,,,,,,,
78,Lectures from Colombo to Almora … [HB],Swami Vivekananda,,9788175050815,AVED40,,,,,,,,
79,Letters of Swami Vivekananda … … … [HB],Swami Vivekananda,,9788175050624,AVED41,,,,,,,,
80,What Religion Is,Swami Vivekananda,,9788185301457,AVE043,,,,,,,,
81,Teachings of Swami Vivekananda,Swami Vivekananda,,9788185301877,AVE044,,,,,,,,
82,Reminiscences of Vivekananda … Enlarged Edition [HB],"His Devotees, Monastic & Lay",,9788185301174,AVE045,,,,,,,,
83,Talks with Swami Vivekananda,Swami Vivekananda,,9788175051539,AVE046,,,,,,,,
84,Vivekananda in the West: New Discoveries (Set),Marie Louise Burke,,9788175050822,AVE047,,,,,,,,
85,Vivekananda in the West: New Discoveries   Vol 1,Marie Louise Burke,,9788175050839,AVE048,,,,,,,,
86,Vivekananda in the West: New Discoveries   Vol 2,Marie Louise Burke,,9788185301150,AVE049,,,,,,,,
87,Vivekananda in the West: New Discoveries   Vol 3,Marie Louise Burke,,9788185301846,AVE050,,,,,,,,
88,Vivekananda in the West: New Discoveries   Vol 4,Marie Louise Burke,,9788175050846,AVE051,,,,,,,,
89,Vivekananda in the West: New Discoveries   Vol 5,Marie Louise Burke,,9788175050853,AVE052,,,,,,,,
90,Vivekananda in the West: New Discoveries   Vol 6,Marie Louise Burke,,9788175050860,AVE053,,,,,,,,
91,Swami Vivekananda in Chicago [HB],Asim Chaudhuri,,9788175052116,AVE109,,,,,,,,
92,Vivekananda in America: New Findings,Asim Chaudhuri,,9788175052970,AVE116,,,,,,,,
93,Swamiji and His Message,Swami Vivekananda,,9788175050037,AVE054,,,,,,,,
94,Advaita Vedanta,Swami Vivekananda,,9788185301297,AVE055,,,,,,,,
95,Practical Vedanta,Swami Vivekananda,,9788175050877,AVE056,,,,,,,,
96,Meditation and Its Methods,Swami Vivekananda,,9788185301372,AVE057,,,,,,,,
97,Thoughts on the Gita,Swami Vivekananda,,9788175050334,AVE058,,,,,,,,
98,In Search of God and Other Poems,Swami Vivekananda,,9788185301273,AVE059,,,,,,,,
99,To the Youth of India,Swami Vivekananda,,9788175050198,AVE060,,,,,,,,
100,Vivekananda on India and Her Problems,Swami Vivekananda,,9788175050518,AVE061,,,,,,,,
101,"Caste, Culture and Socialism",Swami Vivekananda,,9788175050280,AVE062,,,,,,,,
102,The East and the West,Swami Vivekananda,,9788185301860,AVE063,,,,,,,,
103,Memoirs of European Travel,Swami Vivekananda,,9788175050884,AVE065,,,,,,,,
104,Four Yogas of Vivekananda (Condensed),Swami Vivekananda,,9788175050891,AVE066,,,,,,,,
105,Philosophical and Religious Lectures of Sw. Vivekananda,Swami Vivekananda,,9788175050679,AVE067,,,,,,,,
106,Nationalistic and Religious Lectures of Sw. Vivekananda,Swami Vivekananda,,9788175050907,AVE068,,,,,,,,
107,"State, Society and Socialism",Swami Vivekananda,,9788175050594,AVE088,,,,,,,,
108,Six Lessons on Raja Yoga,Swami Vivekananda,,9788185301587,AVE089,,,,,,,,
109,Realisation and Its Methods,Swami Vivekananda,,9788175050082,AVE090,,,,,,,,
110,Religion of Love,Swami Vivekananda,,9788175050914,AVE092,,,,,,,,
111,Buddha and His Message,Swami Vivekananda,,9788175052451,AVE094,,,,,,,,
112,A Study of Religion,Swami Vivekananda,,9788175050365,AVE095,,,,,,,,
113,Science and Philosophy of Religion,Swami Vivekananda,,9788175050532,AVE096,,,,,,,,
114,Thoughts on Vedanta,Swami Vivekananda,,9788175050075,AVE097,,,,,,,,
115,Vedanta Philosophy,Swami Vivekananda,,9788175050372,AVE098,,,,,,,,
116,India,Swami Vivekananda,,9788175051928,AVE106,,,,,,,,
117,Salvation and Service,Swami Vivekananda,,9788175051911,AVE107,,,,,,,,
118,Universal Ethics and Moral Conduct,Swami Vivekananda,,9788175052208,AVE110,,,,,,,,
119,Monastic Disciples of Vivekananda … [HB],Swami Abjajananda,,9788175052468,AVE112,,,,,,,,
120,My Idea of Education,Swami Vivekananda,,9788175053052,AVE117,,,,,,,,
121,Vivekananda a Born Leader,Asim Chaudhuri,,9788175053441,AVE118,,,,,,,,
122,Vivekananda's Contribution to present age,Swami Satprakashananda,,9788175053472,AVE119,,,,,,,,
123,Vivekananda's Devotion to His Mother,Swami Tathagatananda,,9788175053625,AVE121,,,,,,,,
124,Vivekananda Leader of Sacred Nationhood,Prof. S. K. Chakraborty,,9788175053632,AVE122,,,,,,,,
125,Vivekananda in Europe,SWAMI VIDYATMANANDA,,9788175053687,AVE123,,,,,,,,
126,Vivekananda as the Turning Point,Compilation,,9788175053724,AVE125,,,,,,,,
127,Empowering the Youth: Swami Vivekananda Way,Dr M Sivaramkrishna,,9788175053946,AVE126,,,,,,,,
128,Swami Vivekananda in Pictures,Compilation,,9788175053984,AVE127,,,,,,,,
129,Vivekananda Tells Stories,Swami Atmashraddhananda,,9788175053977,AVE128,,,,,,,,
130,Quiz on Swami Vivekananda,Swami Vaikunthananda,,9788175053670,AVE129,,,,,,,,
131,A Bouquet of Swami Vivekananda's Writings,Compilation,,9788175054004,AVE130,,,,,,,,
132,The Way to Women's Freedom,Anjana Gangopadhyay,,9788175054042,AVE131,,,,,,,,
133,The Ships of Vivekananda,Somenath Mukherjee,,9788175053991,AVE132,,,,,,,,
134,The Universal Vivekananda,Anthology,,9788175054202,AVE133,,,,,,,,
135,Approaches to Human Development,"Sukanya Ray, Anil Baran Ray",,9788175054264,AVE135,,,,,,,,
136,Vivekananda in England & Continental Europe,Asim Chaudhuri,,9788175054370,AVE136,,,,,,,,
137,Vivekananda: The Ultimate Paradox Manager,Asim Chaudhuri,,9788175054493,AVE137,,,,,,,,
138,VIVEKANANDA LIFE AND TEACHINGS,,,9788175053540,AVE138,,,,,,,,
139,THE AWAKENING - JAGARAN (ENG-HIN-BEN),A PICTORIAL COMPILATION OF SWAMI VIVEKANANDA'S QUOTES,,9788175054790,AVE139,,,,,,,,
140,EXCEPTIONAL TRAITS OF SWAMI VIVEKANANDA,Dr. Sudhish Chandra Banerjee,,9788175054899,AVE140,,,,,,,,
141,VIVEKANANDA AS THE TURNING POINT (PRM),Compilation,,9788175056008,AVE141,,,,,,,,
142,SWAMI VIVEKANANDA ON HIMSELF (PRM),Swami Vivekananda,,9788175056039,AVE142,,,,,,,,
143,VIVEKANANDA A BORN LEADER (PRM),Asim Chaudhuri,,9788175056046,AVE143,,,,,,,,
144,NATION BUILDING THRO. CHARACTER BUILDING,Swami Vivekananda,,9788175055100,AVE144,,,,,,,,
145,SHIVAJI THE GREAT- VIEWED BY VIVEKANANDA,Dr. M. C. Nanjunda Rao,,9788175055117,AVE146,,,,,,,,
146,THE STORY OF INDIA-JAPAN RELATIONSHIP: SWAMI VIVEKANANDA & OKAKURA   TENSHIN - THE MODERN ERA PIONEERS,Swami Medhasananda,,9788175055094,AVE147,,,,,,,,
147,VIVEKANANDA SMRTIH,Editor: Swami Kritarthananda,,9788175055162,AVE148,,,,,,,,
148,A Study of Mundaka Upanishad,Swami Vivekananda,,9788175052154,ASE054,,,,,,,,
149,Gita as viewed by Swami Vivekananda,Swami Vivekananda,,9788175053328,ASE070,,,,,,,,
150,The Disciples of Sri Ramakrishna,Swami Gambhirananda,,9788175053366,ADE001,,,,,,,,
151,Memories of a Loving Soul: Sw. Premananda Teachings & Reminiscences,Swami Premananda,,9788175050945,ADE002,,,,,,,,
152,Swami Premananda: Love Incarnate,Swami Chetanananda,,9788175052529,ADE012,,,,,,,,
153,Spiritual Talks : By the First Disciples of Sri Ramakrishna,Compilation,,9788175050952,ADE003,,,,,,,,
154,They Lived with God,Swami Chetanananda,,9788185301020,ADE004,,,,,,,,
155,God Lived with Them,Swami Chetanananda,,9788175051980,ADE008,,,,,,,,
156,Swami Akhandananda,Swami Annadananda,,9788185301044,ADE005,,,,,,,,
157,Swami Akhandananda as We Saw Him [HB],Swami Chetanananda,,9788175052611,ADE013,,,,,,,,
158,Spiritual Treasures: Letters of Swami Turiyananda …[HB],Swami Chetanananda,,9788185301242,ADE006,,,,,,,,
159,Letters for Spiritual Seekers: Letters of Swami Shivananda,Swami Lokeswarananda,,9788175051799,ADE007,,,,,,,,
160,Swami Trigunatita: His Life & Work … [HB],Marie Louise Burke,,9788175052062,ADE009,,,,,,,,
161,Mahapurush Maharaj as We Saw Him [HB],"His Devotees, Monastic & Lay",,9788175052048,ADE010,,,,,,,,
162,How a Shepherd Became a Saint —Life of Sw. Adbhutananda,Swami Chetanananda,,9788175052338,ADE011,,,,,,,,
163,What the Disciples Said About It —Teachings   of disciples of Ramakrishna [HB],Edith D. Tipple,,9788175052758,ADE014,,,,,,,,
164,Precepts for Perfection,Sabina Thorne,,9788175052949,ADE015,,,,,,,,
165,Girish Chandra Ghosh,Swami Chetanananda,,9788175053304,ADE016,,,,,,,,
166,Sri Mahendra Nath Gupta,Swami Chetanananda,,9788175053588,ADE017,,,,,,,,
167,A Guide to Spiritual Life,SW. CHETANANANDA (TRANSLATION),,9788175054080,ADE018,,,,,,,,
168,In the Divine Realm,,,9788175054455,ADE019,,,,,,,,
169,Swami Subodhananda: His Life & Teachings,,,9788175054516,ADE020,,,,,,,,
170,ETERNAL WORDS,SWAMI SIDDHANANDA,,9788175054769,ADE021,,,,,,,,
171,GOD LIVED WITH THEM (PREMIUM),Swami Chetanananda,,9788175056022,ADE022,,,,,,,,
172,Bhagavad Gita (Swarupananda) … … [HB] (Devanagiri with Eng Translation),Swami Swarupananda,,9788175052628,ASED01,,,,,,,,
173,Brahma Sutras: According to Shankara [HB],Swami Vireswarananda,,9788185301952,ASED25,,,,,,,,
174,Brahma Sutras: According to Ramanuja [HB],Swami Vireswarananda,,9788175050068,ASED27,,,,,,,,
175,Aparokshanubhuti,Swami Vimuktananda,,9788175051072,ASE029,,,,,,,,
176,Panchikaranam,Sankaracharya,,9788175051089,ASE030,,,,,,,,
177,Laghu Vakya Vritti,Sankaracharya,,9788175051096,ASE031,,,,,,,,
178,Avadhuta Gita,Swami Chetanananda,,9788185301266,ASE034,,,,,,,,
179,Shruti Gita,Swami Gambhirananda,,9788175051119,ASE035,,,,,,,,
180,Siva Mahimnah Stotram,Swami Pavitrananda,,9788185301389,ASE041,,,,,,,,
181,Hymns & Prayers to Gods & Goddesses,Swami Pavitrananda,,9788175051164,ASE043,,,,,,,,
182,Kapilopadesha,Swami Tapasyananda,,9788175051171,ASE045,,,,,,,,
183,Vedartha Sangraha … … … … … … … [HB],S S Raghavachar,,9788175051188,ASE046,,,,,,,,
184,Rama Gita,Swami Vijnanananda,,9788175051195,ASE047,,,,,,,,
185,Ramanuja on the Gita,Swami Ramakrishnananda,,9788175051201,ASE049,,,,,,,,
186,Jivan-Mukti-Viveka … … … … … … [HB],Swami Vidyaranya,,9788175051829,ASE050,,,,,,,,
187,Narada Bhakti Sutras … … … … … … [HB],Swami Bhuteshananda,,9788175051997,ASE052,,,,,,,,
188,Sannyasa Upanishads,Swami Atmapriyananda,,9788175054103,ASE071,,,,,,,,
189,Srimad Bhagavata by Swami Gitananda,Swami Gitananda,,9788175054189,ASE073,,,,,,,,
190,ADVAITA MAKARANDA,Lakshmidhara Kavi,,9788175054738,ASE075,,,,,,,,
191,NAISHKARMYA SIDDHI,"Sri Sureswaracharya, S S Raghavachar (Translator)",,9788175054943,ASE072,,,,,,,,
192,NAMA RAMAYANA MAHIMA (SET OF 3 VOLS),"Swami Harshananda,Translator- Dr. Krishnamurty Ramakrishna",,9788175055025,ASE076,,,,,,,,
193,THE CENTRAL THEME OF THE GITA,Swami Premeshananda,,9788175055124,ASE080,,,,,,,,
194,Bhagavad Gita (Madhusudana Sarasvati) [HB],Swami Gambhirananda,,9788175051942,ASE002,,,,,,,,
195,Bhagavad Gita with Shankara’s Commentary,Swami Gambhirananda,,9788175050419,ASED03,,,,,,,,
196,Chandogya Upanishad (Shankara) … [HB],Swami Gambhirananda,,9788175051003,ASED16,,,,,,,,
197,Svetasvatara Upanishad (Shankara),Swami Gambhirananda,,9788175051034,ASE020,,,,,,,,
198,Brahma Sutra Bhashya (Shankara) … [HB],Swami Gambhirananda,,9788175051058,ASE023,,,,,,,,
199,Eight Upanishads (Set of 2 vols.) … … [HB],Swami Gambhirananda,,9788175050150,ASED04,,,,,,,,
200,Eight Upanishads Set [HB] Vol 1,Swami Gambhirananda,,9788175050167,ASED05,,,,,,,,
201,Eight Upanishads Set [HB] Vol 2,Swami Gambhirananda,,9788175050174,ASED06,,,,,,,,
202,Isha Upanishad,Swami Gambhirananda,,9788175050938,ASE007,,,,,,,,
203,Kena Upanishad,Swami Gambhirananda,,9788175050686,ASE008,,,,,,,,
204,Katha Upanishad,Swami Gambhirananda,,9788185301334,ASE009,,,,,,,,
205,Mundaka Upanishad,Swami Gambhirananda,,9788175050983,ASE010,,,,,,,,
206,Mandukya Upanishad,Swami Gambhirananda,,9788175050990,ASE011,,,,,,,,
207,Prashna Upanishad,Swami Gambhirananda,,9788175050235,ASE012,,,,,,,,
208,Aitareya Upanishad,Swami Gambhirananda,,9788185301341,ASE013,,,,,,,,
209,Taittiriya Upanishad,Swami Gambhirananda,,9788175050242,ASE014,,,,,,,,
210,Brihadaranyaka Upanishad (Shankara) [HB],Swami Madhavananda,,9788175051027,ASED18,,,,,,,,
211,Minor Upanishads,Swami Madhavananda,,9788175051041,ASE021,,,,,,,,
212,Vivekachudamani,Swami Madhavananda,,9788175051065,ASE028,,,,,,,,
213,Bhasha Pariccheda … … … … … … [HB],Swami Madhavananda,,9788175051126,ASE036,,,,,,,,
214,Vedanta Paribhasha,Swami Madhavananda,,9788175051133,ASE037,,,,,,,,
215,Mimamsa Paribhasha,Swami Madhavananda,,9788175051140,ASE038,,,,,,,,
216,Uddhava Gita,Swami Madhavananda,,9788175051157,ASE040,,,,,,,,
217,Vairagya Shatakam,Swami Madhavananda,,9788185301945,ASE042,,,,,,,,
218,The Bhagavad Gita (English translation only),Swami Nikhilananda,,9788175053076,ASE067,,,,,,,,
219,The Bhagavad Gita (Pocket Edition),Swami Nikhilananda,,9788175053069,ASE068,,,,,,,,
220,"The Upanishads Vol.1 Katha, Isa, Kena & Mundaka",Swami Nikhilananda,,9788175053014,ASE062,,,,,,,,
221,"The Upanishads Vol.2 Svetasvatara, Prasna & Mandukya",Swami Nikhilananda,,9788175053021,ASE063,,,,,,,,
222,The Upanishads Vol.3 Aitareya & Brihadaranyaka,Swami Nikhilananda,,9788175053038,ASE064,,,,,,,,
223,The Upanishads Vol.4 Taittiriya & Chandogya,Swami Nikhilananda,,9788175053045,ASE065,,,,,,,,
224,UPANISHADS [SET],Swami Nikhilananda,,9788175053120,ASE066,,,,,,,,
225,The Upanishads: Abridged Edition,Swami Nikhilananda,,9788175053007,ASE061,,,,,,,,
226,Mandukya Upanishad with Karika,Swami Nikhilananda,,9788175050228,ASE022,,,,,,,,
227,Vedantasara,Swami Nikhilananda,,9788175051102,ASE032,,,,,,,,
228,Drig Drishya Viveka,Swami Nikhilananda,,9788175050273,ASE039,,,,,,,,
229,Ashtavakra Samhita,Swami Nityaswarupananda,,9788185301136,ASE033,,,,,,,,
230,Mind and Its Control,Swami Budhananda,,9788175050341,APE001,,,,,,,,
231,Personality Development,Swami Vivekananda,,9788175052246,APE023,,,,,,,,
232,Will-Power and Its Development,Swami Budhananda,,9788185301648,APE010,,,,,,,,
233,How to Build Character,Swami Budhananda,,9788175051492,APE017,,,,,,,,
234,Common Sense About Yoga,Swami Pavitrananda,,9788175050488,APE002,,,,,,,,
235,Meditation & Other Spiritual Disciplines,Swami Swahananda,,9788185301853,APE003,,,,,,,,
236,In the Hours of Meditation,F.J. Alexander,,9788175050471,APE005,,,,,,,,
237,Towards the Goal Supreme,Swami Virajananda,,9788175050327,APE006,,,,,,,,
238,Modern Man in Search of Religion,Swami Pavitrananda,,9788175051218,APE007,,,,,,,,
239,For Seekers of God,Swami Shivananda,,9788175051225,APE008,,,,,,,,
240,Spiritual Ideals for Modern Age,Swami Vireswarananda,,9788175050501,APE009,,,,,,,,
241,Thoughts on Spiritual Life,Swami Bhuteshananda,,9788175051249,APE012,,,,,,,,
242,Strive to Attain God … … … … … … [HB],Swami Virajananda,,9788185301990,APE015,,,,,,,,
243,Religion and Its Practice,Disciples of Ramakrishna,,9788175051256,APE018,,,,,,,,
244,Seeing God Everywhere,Swami Shraddhananda,,9788175051935,APE019,,,,,,,,
245,Meditation and Its Preparation,Compilation,,9788175051959,APE020,,,,,,,,
246,Meditation and Its Practices … … … [HB],Swami Adiswarananda,,9788175052598,APE024,,,,,,,,
247,Meditation and Spiritual Life,Swami Yotiswarananda,,9788175052956,APE025,,,,,,,,
248,Meditation according to Yoga Vedanta,Swami Siddheswarananda,,9788175052932,APE026,,,,,,,,
249,"Relief of Tension, Depression, Anxiety.",Swami Tathagatananda,,9788175052987,APE027,,,,,,,,
250,Meditation as Spiritual Culmination (Set),Swami Sarvagatananda,,9788175054356,APE030,,,,,,,,
251,Effective Life Management,Swami Amartyananda,,9788175053236,APE031,,,,,,,,
252,Realizing God,Swami Prabhavananda,,9788175053373,APE032,,,,,,,,
253,Healthy Values of Living,Swami Tathagatananda,,9788175053380,APE033,,,,,,,,
254,Self Development,Swami Premeshananda,,9788175053502,APE034,,,,,,,,
255,"Fear Not, Be Strong",Swami Tathagatananda,,9788175054035,APE035,,,,,,,,
256,Goodbye to Negetivity,Swami Gokulananda,,9788175054134,APE036,,,,,,,,
257,GO FORWARD,Swami Premeshananda,,9788175054547,APE037,,,,,,,,
258,THE CONTEMPLATIVE LIFE,,,9788175054677,APE038,,,,,,,,
259,HEALTHY AGING,Swami Satyaswarupananda,,9788175054806,APE039,,,,,,,,
260,PSYCHOLOGICAL ASPECTS OF SPIRITUAL LIFE,Swami Nityasthananda,,9788175054905,APE040,,,,,,,,
261,Cradle Tales of Hinduism,Sister Nivedita,,9788185301938,AOE001,,,,,,,,
262,Kali the Mother,Sister Nivedita,,9788175050402,AOE002,,,,,,,,
263,Footfalls of Indian History,Sister Nivedita,,9788175051270,AOE003,,,,,,,,
264,Complete Works of Sister Nivedita(Set)[HB],Sister Nivedita,,9788175050099,AOE004,,,,,,,,
265,Complete Works of Sister Nivedita(Set)[HB] Vol 1,Sister Nivedita,,9788175050105,AOE005,,,,,,,,
266,Complete Works of Sister Nivedita(Set)[HB] Vol 2,Sister Nivedita,,9788175050112,AOE006,,,,,,,,
267,Complete Works of Sister Nivedita(Set)[HB] Vol 3,Sister Nivedita,,9788175050129,AOE007,,,,,,,,
268,Complete Works of Sister Nivedita(Set)[HB] Vol 4,Sister Nivedita,,9788175050136,AOE008,,,,,,,,
269,Complete Works of Sister Nivedita(Set)[HB] Vol 5,Sister Nivedita,,9788175050143,AOE009,,,,,,,,
270,Religion and Dharma,Sister Nivedita,,9788175051287,AOE021,,,,,,,,
271,The Web of Indian Life,Sister Nivedita,,9788175051294,AOE022,,,,,,,,
272,Myths & Legends of Hindus & Buddhists [HB],Sister Nivedita,,9788175051973,AOE038,,,,,,,,
273,Universal Message of the Bhagavad Gita[HB],Swami Ranganathananda,,,ASE051,,,,,,,,
274,Universal Message of the Bhagavad Gita[HB] Vol 1,Swami Ranganathananda,,9788175052130,ASE053,,,,,,,,
275,Universal Message of the Bhagavad Gita[HB] Vol 2,Swami Ranganathananda,,9788175052147,ASE055,,,,,,,,
276,Universal Message of the Bhagavad Gita[HB] Vol 3,Swami Ranganathananda,,9788175052192,ASE057,,,,,,,,
277,The Message of Brihadaranyaka Upanishad,Swami Ranganathananda,,9788175052673,ASE059,,,,,,,,
278,The Message of the Vivekachudamani,Swami Ranganathananda,,9788175053083,ASE069,,,,,,,,
279,"MESSAGE OF THE UPANISHADS, THE",Swami Ranganathananda,,9788175054875,ASE060,,,,,,,,
280,Science and Religion,Swami Ranganathananda,,9788175050358,AOE011,,,,,,,,
281,Vedanta and Future of Mankind,Swami Ranganathananda,,9788175051300,AOE016,,,,,,,,
282,Vivekananda and Human Excellence,Swami Ranganathananda,,9788175050396,AOE023,,,,,,,,
283,Swami Vivekananda: His Humanism,Swami Ranganathananda,,9788185301396,AVE064,,,,,,,,
284,The Essence of Indian Culture,Swami Ranganathananda,,9788185301099,AOE024,,,,,,,,
285,Bhagavan Buddha and Our Heritage,Swami Ranganathananda,,9788185301075,AOE025,,,,,,,,
286,Spiritual Life of Indian People,Swami Ranganathananda,,9788185301082,AOE026,,,,,,,,
287,The Christ We Adore,Swami Ranganathananda,,9788185301129,AOE027,,,,,,,,
288,Indian Vision of God as Mother,Swami Ranganathananda,,9788175051348,AOE030,,,,,,,,
289,Approach to Truth in Vedanta,Swami Ranganathananda,,9788175052017,AOE032,,,,,,,,
290,Practical Vedanta & the Science of Values,Swami Ranganathananda,,9788175050525,AOE034,,,,,,,,
291,Question & Answer Session in Chicago,Swami Ranganathananda,,9788175052178,AOE037,,,,,,,,
292,Philosophy of Service,Swami Ranganathananda,,9788175052444,AOE041,,,,,,,,
293,Enlightened Citizenship & Our Democracy,Swami Ranganathananda,,9788175052536,AOE043,,,,,,,,
294,Philosophy of Democratic Administration,Swami Ranganathananda,,9788175052543,AOE044,,,,,,,,
295,Second USA and Canada Lecture Tour,Swami Ranganathananda,,9788175052741,AOE049,,,,,,,,
296,Spiritual Life of the Householder,Swami Ranganathananda,,9788175052031,APE021,,,,,,,,
297,Charm and the Power of the Upanishads,Swami Ranganathananda,,9788175052376,ASE048,,,,,,,,
298,Charm and the Power of the Gita,Swami Ranganathananda,,9788175052185,ASE056,,,,,,,,
299,The Central Theme of the Bhagavatam,Swami Ranganathananda,,9788175052420,ASE058,,,,,,,,
300,Universal Symphony of Vivekananda,Swami Ranganathananda,,9788175052475,AVE111,,,,,,,,
301,Vivekananda & the Erasing of the Dividing Line,Swami Ranganathananda,,9788175053144,AOE064,,,,,,,,
302,Shankaracharya and an Untouchable,Swami Ranganathananda,,9788175053298,AOE067,,,,,,,,
303,"Meditation, Ecstasy and Illumination",Swami Ashokananda,,9788175051232,APE011,,,,,,,,
304,Spiritual Practice,Swami Ashokananda,,9788175050587,APE004,,,,,,,,
305,When the Many Become One,Swami Ashokananda,,9788175051331,AOE028,,,,,,,,
306,Spiritualising Everyday Life,Swami Ashokananda,,9788185301327,APE013,,,,,,,,
307,The Soul’s Journey to Its Destiny,Swami Ashokananda,,9788175051263,APE014,,,,,,,,
308,A Call to the Eternal [HB],Swami Ashokananda,,9788175050389,APE016,,,,,,,,
309,Ascent to Spiritual Illumination [HB],Swami Ashokananda,,9788175052161,APE022,,,,,,,,
310,LET US BE GOD,Swami Ashokananda,,9788175054783,AOE084,,,,,,,,
311,How Is a Man Reborn?,Swami Satprakashananda,,9788185301310,AOE010,,,,,,,,
312,Can One be Scientific and Yet Spiritual?,Swami Budhananda,,9788175050051,AOE012,,,,,,,,
313,Methods of Knowledge,Swami Satprakashananda,,9788175050655,AOE013,,,,,,,,
314,Ramakrishna Movement,Swami Budhananda,,9788185301563,AOE015,,,,,,,,
315,My Faithful Goodwin,Pravrajika Vrajaprana,,9788185301259,AOE033,,,,,,,,
316,With the Swamis in America and India,Swami Atulananda,,9788175050709,AOE018,,,,,,,,
317,Arati Songs of Ramakrishna Order,Swami Harshananda,,9788175051324,AOE019,,,,,,,,
318,"Art, Culture and Spirituality … … … [HB]",Compilation,,9788175051898,AOE036,,,,,,,,
319,Story of Mira’s Love,Swami Budhananda,,9788175052383,AOE039,,,,,,,,
320,Ramprasad: Melodious Mystic,Swami Budhananda,,9788175052406,AOE040,,,,,,,,
321,Evolution of Mother Worship in India,Prof.Sashi Bhusan Dasgupta,,9788175052604,AOE046,,,,,,,,
322,You will be a Paramahamsa,Swami Sarvagatananda,,9788175052710,AOE050,,,,,,,,
323,Eminent Indian Women,Compilation,,9788175052727,AOE051,,,,,,,,
324,  Light from the Orient … … … … … [HB],Swami Tathagatananda,,9788175052772,AOE052,,,,,,,,
325,Journey of Upanishads to the West … [HB],Swami Tathagatananda,,9788175052734,AOE053,,,,,,,,
326,Sri Krishna Yoga,Swami Sarvagatananda,,9788175052765,AOE056,,,,,,,,
327,Life and Philosophy of Shankaracharya,Swami Mukhyananda,,9788175052833,AOE057,,,,,,,,
328,Story of Ramakrishna Mission,Compilation,,9788175052857,AOE058,,,,,,,,
329,An Introduction to Hindu Culture,Swami Harshananda,,9788175052871,AOE059,,,,,,,,
330,Ramakrishna’s Physician Dr. Sarkar,Dr. Jaladhikumar Sarkar,,9788175052918,AOE060,,,,,,,,
331,Along: Half a Decade in Enchanting Environs,,,9788175052925,AOE061,,,,,,,,
332,Charm of Mayavati Ashrama,Swami Satyapriyananda,,9788175053113,AOE065,,,,,,,,
333,Vedanta for the Common Man,Swami Sarvagatananda,,9788175053311,AOE068,,,,,,,,
334,The World Parliament of Religions 1893,Lakshmi Niwas Jhunjhunwala,,9788175053399,AOE069,,,,,,,,
335,Vedanta a Simple Introduction,Pravrajika Vrajaprana,,9788175053403,AOE070,,,,,,,,
336,Ancient Sages,Swami Satyamayananda,,9788175053564,AOE071,,,,,,,,
337,Vedanta Sadhana & Shakti Puja,Swami Swahananda,,9788175053656,AOE072,,,,,,,,
338,The Glory of Monastic Life,Swami Bhajanananda,,9788175053717,AOE073,,,,,,,,
339,Religious Behaviour & Spiritual Experience,Ashit Chandra Chakraborty,,9788175053953,AOE074,,,,,,,,
340,Images of Divinity,Ann Myren,,9788175053960,AOE075,,,,,,,,
341,Mother of Mayavati,Amrita M Salm,,9788175054011,AOE076,,,,,,,,
342,Monk Without Frontiers,,,9788175054363,AOE077,,,,,,,,
343,HINDUISM THE FAITH ETERNAL,Dr. Satish K Kapoor,,9788175054417,AOE078,,,,,,,,
344,INFLUENCE OF INDIAN THOUGHT ON THOUGHT OF WEST,Swami Ashokananda,,9788175054530,AOE079,,,,,,,,
345,LETTERS OF SISTER NIVEDITA (2 VOL SET),SANKARI PRASAD BASU,,9788175054639,AOE080,,,,,,,,
346,NIVEDITA COMMEMORATION VOLUME,Compilation,,9788175054585,AOE081,,,,,,,,
347,NIVEDITA FIGHTER EXTRAORDINARY FOR INDIA,"Sukanya Ray, Anil Baran Ray",,9788175054752,AOE083,,,,,,,,
348,"INSPIRED LIFE OF SARAH ELLEN WALDO, THE",Amrita M Salm,,9788175054097,AOE085,,,,,,,,
349,HINDUISM THE FAITH ETERNAL (PREMIUM),Dr. Satish K Kapoor,,9788175056015,AOE086,,,,,,,,
350,SPIRITUALITY IN MODERN LITERATURE,"Editors: Swami Satyaswarupananda, Swami Madhurananda",,9788175054929,AOE087,,,,,,,,
351,Writings of Swami Atulananda,"Swami Atulananda, Swami Madhurananda",,9788175055179,AOE088,,,,,,,,
352,FROM DARKNESS TO LIGHT VOL. 1 - PROMINENT PERSONALITIES,A COMPILATION,,9788175055131,AOE089,,,,,,,,
353,FROM DARKNESS TO LIGHT VOL. 2 - EDITORS,A COMPILATION,,9788175055148,AOE090,,,,,,,,
354,Tales from Ramakrishna,Swami Smaranananda,,9788185301730,ACE001,,,,,,,,
355,Story of Ramakrishna,Swami Smaranananda,,9788175051355,ACE002,,,,,,,,
356,Story of Sarada Devi,Swami Smaranananda,,9788185301679,ACE003,,,,,,,,
357,Story of Vivekananda,Mallika Clare Gupta and Irene R.Ray,,9788185301655,ACE004,,,,,,,,
358,Tales from Vivekananda,Swami Ishatmananda,,9788185301693,ACE005,,,,,,,,
359,Simple Life of Swami Vivekananda,Br. Amal,,9788175052055,ACE010,,,,,,,,
360,Stories for Children,Swami Vivekananda,,9788185301716,ACE006,,,,,,,,
361,Vedantic Tales,Marie Louise Burke,,9788175051362,ACE007,,,,,,,,
362,Pictorial Parables of Ramakrishna,Compilation,,9788175051379,ACE008,,,,,,,,
363,Hari the Lion,Sister Gargi,,9788185301051,ACE009,,,,,,,,
364,Stories from Vedanta,Swami Amarananda,,9788175052413,ACE011,,,,,,,,
365,Vivekananda's Childhood,Pronabesh Chakraborty,,9788175053335,ACE012,,,,,,,,
366,Stories from Bhagavatam,Swami Bodhasarananda,,9788175054349,ACE013,,,,,,,,
367,WHO IS GREATER?,Swami Vimohananda (Translator),,9788175054707,ACE014,,,,,,,,
368,TALE OF A NAUGHTY BOY - (Class V),,,9788175055032,ACE015,,,,,,,,
369,ARUNODAY (ENG) - (Class VI),,,9788175055049,ACE016,,,,,,,,
370,GUIDING LIGHT - (Class VII),,,9788175054974,ACE017,,,,,,,,
371,HOW SHALL I BE? - (Class VIII),,,9788175054967,ACE018,,,,,,,,
372,SHUBHOS ADVENTURES - (Class IX),,,9788175055087,ACE019,,,,,,,,
373,ARE WE ALIVE? - (Class XI),,,9788175055070,ACE020,,,,,,,,
374,"TEACHERS GUIDEBOOK - (For Class V-IX, XI)",Compilation,,9788175052901,AOE082,,,,,,,,
375,ENLIGHTENING STORIES,"Sw. Chetanananda, Sw.Vimohananda",,9788175054776,ACE021,,,,,,,,
376,UPANISHADIC STORIES & THEIR SIGNIFICANCE,Swami Tattwananda,,9788175054950,ACE022,,,,,,,,
377,Message of Ramakrishna,Ramakrishna,,9788185301211,ARE017,,,,,,,,
378,Message of Holy Mother,Compilation,,9788175050266,AHE003,,,,,,,,
379,Message of Vivekananda,Swami Vivekananda,,9788175050259,AVE070,,,,,,,,
380,Ramakrishna & Vivekananda (Nehru),Jawaharlal Nehru,,9788175050044,AVE072,,,,,,,,
381,Chicago Addresses,Swami Vivekananda,,9788175051386,AVE073,,,,,,,,
382,My Life and Mission,Swami Vivekananda,,9788185301884,AVE074,,,,,,,,
383,Essentials of Hinduism,Swami Vivekananda,,9788175051393,AVE075,,,,,,,,
384,In Defence of Hinduism,Swami Vivekananda,,9788175051409,AVE076,,,,,,,,
385,Bhakti or Devotion,Swami Vivekananda,,9788175051416,AVE077,,,,,,,,
386,Thoughts of Power,Swami Vivekananda,,9788175050204,AVE078,,,,,,,,
387,Sadhanas or Preparations for Higher Life,Swami Vivekananda,,9788185301280,AVE079,,,,,,,,
388,Modern India,Swami Vivekananda,,9788185301204,AVE080,,,,,,,,
389,Work and Its Secret,Swami Vivekananda,,9788175050013,AVE081,,,,,,,,
390,Powers of the Mind,Swami Vivekananda,,9788185301402,AVE082,,,,,,,,
391,Is Vedanta the Future Religion?,Swami Vivekananda,,9788175050570,AVE083,,,,,,,,
392,Life After Death,Swami Vivekananda,,9788175050020,AVE085,,,,,,,,
393,Our Women,Swami Vivekananda,,9788185301365,AVE086,,,,,,,,
394,Christ the Messenger,Swami Vivekananda,,9788175050631,AVE100,,,,,,,,
395,Practice of Religion,Swami Vivekananda,,9788175053618,AVE120,,,,,,,,
396,Mayavati Advaita Ashrama Brochure,,,,AOE063,,,,,,,,
397,Life of Swami Vivekananda (2 vols subsidized) (Eastern & Western Disciples),Eastern & Western Disciples,,9788175051775,AVE001,,,,,,,,
398,Lectures from Colombo to Almora (Subsidized),Swami Vivekananda,,9788175051812,AVE040,,,,,,,,
399,Rebuild India,Swami Vivekananda,,9788175052819,AVE114,,,,,,,,
400,Vivekananda Reader,Compilation,,9788175053649,AVE124,,,,,,,,
401,Complete Works of Vivekananda (Sub. Ed. - 8 vols),Swami Vivekananda,,9788175054110,AVE029,,,,,,,,
402,Selections from the Complete Works of Vivekananda (Sub) (600 pages),Swami Vivekananda,,9788185301600,AVE030,,,,,,,,
403,Srimad Bhagavad Gita (Swarupananda) (Sub),Swami Swarupananda,,9788175050969,ASE001,,,,,,,,
404,Vivekananda: His Call to the Nation,Swami Vivekananda,,9788175050181,AVE071,,,,,,,,
405,Inspiring Lives,Compilation,,9788175052345,ARE024,,,,,,,,
406,Life and Teachings of Sarada Devi,Compilation,,9788175052581,AHE008,,,,,,,,
407,"Ramakrishna Math & Mission: History, Ideals, Activities",Swami Bhajanananda,,,AOE054,,,,,,,,
408,Belur Math Brochure,,,,AOE062,,,,,,,,
409,The Gospel Of Sri Ramakrishna,Mahendranath Gupta,,9788175052582,AOE063,,,,,,,,
410,,,,,,,,,,,,,
411,,,,,,,,,,,,,
