Book Title,URL,Title
স্বামী বিবেকানন্দ,https://bengalibooks.rkmm.org/s/bnbk/m/স্বামী-বিবেকানন্দ,<a href='https://bengalibooks.rkmm.org/s/bnbk/m/স্বামী-বিবেকানন্দ' target='_blank' rel='noopener noreferrer'>স্বামী বিবেকানন্দ</a>
The Complete Works Of Swami Vivekananda,https://englishbooks.rkmm.org/s/tsv/m/the-complete-works-of-swami-vivekananda,<a href='https://englishbooks.rkmm.org/s/tsv/m/the-complete-works-of-swami-vivekananda' target='_blank' rel='noopener noreferrer'>The Complete Works Of Swami Vivekananda</a>
The Gospel Of Sri Ramakrishna,https://englishbooks.rkmm.org/s/tsr/m/gospel-of-sri-ramakrishna,<a href='https://englishbooks.rkmm.org/s/tsr/m/gospel-of-sri-ramakrishna' target='_blank' rel='noopener noreferrer'>The Gospel Of Sri Ramakrishna</a>
Sri Ramakrishna The Great Master,https://englishbooks.rkmm.org/s/lsr/m/sri-ramakrishna-the-great-master,<a href='https://englishbooks.rkmm.org/s/lsr/m/sri-ramakrishna-the-great-master' target='_blank' rel='noopener noreferrer'>Sri Ramakrishna The Great Master</a>
Swami Vivekananda Chronology - Visit To The West,https://chronologyofvivekananda.rkmm.org/s/csv/m/swami-vivekananda-chronology-visit-to-the-west,<a href='https://chronologyofvivekananda.rkmm.org/s/csv/m/swami-vivekananda-chronology-visit-to-the-west' target='_blank' rel='noopener noreferrer'>Swami Vivekananda Chronology - Visit To The West</a>
The Quintessence Of Vedanta Of Sri Sankaracharya,https://englishbooks.rkmm.org/s/ved/m/the-quintessence-of-vedanta-of-sri-sankaracharya,<a href='https://englishbooks.rkmm.org/s/ved/m/the-quintessence-of-vedanta-of-sri-sankaracharya' target='_blank' rel='noopener noreferrer'>The Quintessence Of Vedanta Of Sri Sankaracharya</a>
Swami Vivekananda Chronology - Wandering Days,https://chronologyofvivekananda.rkmm.org/s/csv/m/swami-vivekananda-chronology-wandering-days,<a href='https://chronologyofvivekananda.rkmm.org/s/csv/m/swami-vivekananda-chronology-wandering-days' target='_blank' rel='noopener noreferrer'>Swami Vivekananda Chronology - Wandering Days</a>
Sri Ramakrishna Life And Teachings,https://englishbooks.rkmm.org/s/tsr/m/sri-ramakrishna-life-and-teachings,<a href='https://englishbooks.rkmm.org/s/tsr/m/sri-ramakrishna-life-and-teachings' target='_blank' rel='noopener noreferrer'>Sri Ramakrishna Life And Teachings</a>
Belur Math Pilgrimage,https://holypilgrimage.rkmm.org/s/hp/m/west-bengal-india,<a href='https://holypilgrimage.rkmm.org/s/hp/m/west-bengal-india' target='_blank' rel='noopener noreferrer'>Belur Math Pilgrimage</a>
 ಸ್ವಾಮಿ ವಿವೇಕಾನಂದರ ಸಂಕ್ಷಿಪ್ತ-ಜೀವನ,https://kannadabooks.rkmm.org/s/knbk/m/ಸ್ವಾಮಿ-ವಿವೇಕಾನಂದರ-ಸಂಕ್ಷಿಪ್ತ-ಜೀವನ,<a href='https://kannadabooks.rkmm.org/s/knbk/m/ಸ್ವಾಮಿ-ವಿವೇಕಾನಂದರ-ಸಂಕ್ಷಿಪ್ತ-ಜೀವನ' target='_blank' rel='noopener noreferrer'> ಸ್ವಾಮಿ ವಿವೇಕಾನಂದರ ಸಂಕ್ಷಿಪ್ತ-ಜೀವನ</a>
ಶ್ರೀರಾಮಕೃಷ್ಣ ಪರಮಹಂಸರ ಸಂಕ್ಷಿಪ್ತ-ಜೀವನ,https://kannadabooks.rkmm.org/s/knbk/m/ಶ್ರೀರಾಮಕೃಷ್ಣ-ಪರಮಹಂಸರ-ಸಂಕ್ಷಿಪ್ತ-ಜೀವನ,<a href='https://kannadabooks.rkmm.org/s/knbk/m/ಶ್ರೀರಾಮಕೃಷ್ಣ-ಪರಮಹಂಸರ-ಸಂಕ್ಷಿಪ್ತ-ಜೀವನ' target='_blank' rel='noopener noreferrer'>ಶ್ರೀರಾಮಕೃಷ್ಣ ಪರಮಹಂಸರ ಸಂಕ್ಷಿಪ್ತ-ಜೀವನ</a>
 ಶ್ರೀಶಾರದಾದೇವಿ ಸಂಕ್ಷಿಪ್ತ-ಜೀವನ,https://kannadabooks.rkmm.org/s/knbk/m/ಶ್ರೀಶಾರದಾದೇವಿ,<a href='https://kannadabooks.rkmm.org/s/knbk/m/ಶ್ರೀಶಾರದಾದೇವಿ' target='_blank' rel='noopener noreferrer'> ಶ್ರೀಶಾರದಾದೇವಿ ಸಂಕ್ಷಿಪ್ತ-ಜೀವನ</a>
 ಶ್ರೀರಾಮಕೃಷ್ಣ ವಚನವೇದ,https://kannadabooks.rkmm.org/s/knbk/m/ಶ್ರೀರಾಮಕೃಷ್ಣ-ವಚನವೇದ,<a href='https://kannadabooks.rkmm.org/s/knbk/m/ಶ್ರೀರಾಮಕೃಷ್ಣ-ವಚನವೇದ' target='_blank' rel='noopener noreferrer'> ಶ್ರೀರಾಮಕೃಷ್ಣ ವಚನವೇದ</a>
 ಸ್ವಾಮಿ ವಿವೇಕಾನಂದರ ಕೃತಿ ಶ್ರೇಣಿ,https://kannadabooks.rkmm.org/s/knbk/m/ಸ್ವಾಮಿ-ವಿವೇಕಾನಂದರ-ಕೃತಿ-ಶ್ರೇಣಿ,<a href='https://kannadabooks.rkmm.org/s/knbk/m/ಸ್ವಾಮಿ-ವಿವೇಕಾನಂದರ-ಕೃತಿ-ಶ್ರೇಣಿ' target='_blank' rel='noopener noreferrer'> ಸ್ವಾಮಿ ವಿವೇಕಾನಂದರ ಕೃತಿ ಶ್ರೇಣಿ</a>
குருதேவர் ஸ்ரீராமகிருஷ்ணர்,https://tamilbooks.rkmm.org/s/tabk/m/குருதேவர்-ஸ்ரீராமகிருஷ்ணர்,<a href='https://tamilbooks.rkmm.org/s/tabk/m/குருதேவர்-ஸ்ரீராமகிருஷ்ணர்' target='_blank' rel='noopener noreferrer'>குருதேவர் ஸ்ரீராமகிருஷ்ணர்</a>
Sri Sarada Devi Life And Teachings,https://englishbooks.rkmm.org/s/tsd/m/sri-sarada-devi-life-and-teachings,<a href='https://englishbooks.rkmm.org/s/tsd/m/sri-sarada-devi-life-and-teachings' target='_blank' rel='noopener noreferrer'>Sri Sarada Devi Life And Teachings</a>
The Gospel Of The Holy Mother,https://englishbooks.rkmm.org/s/tsd/m/the-gospel-of-the-holy-mother,<a href='https://englishbooks.rkmm.org/s/tsd/m/the-gospel-of-the-holy-mother' target='_blank' rel='noopener noreferrer'>The Gospel Of The Holy Mother</a>
The Complete Works Of Swami Ramakrishnananda,https://englishbooks.rkmm.org/s/dd/m/the-complete-works-of-swami-ramakrishnananda,<a href='https://englishbooks.rkmm.org/s/dd/m/the-complete-works-of-swami-ramakrishnananda' target='_blank' rel='noopener noreferrer'>The Complete Works Of Swami Ramakrishnananda</a>
Reminiscences of Swami Vivekananda,https://englishbooks.rkmm.org/s/lsv/m/reminiscences-of-swami-vivekananda/a/cover,<a href='https://englishbooks.rkmm.org/s/lsv/m/reminiscences-of-swami-vivekananda/a/cover' target='_blank' rel='noopener noreferrer'>Reminiscences of Swami Vivekananda</a>
A Short Life Of The Holy Mother,https://englishbooks.rkmm.org/s/lsd/m/a-short-life-of-the-holy-mother,<a href='https://englishbooks.rkmm.org/s/lsd/m/a-short-life-of-the-holy-mother' target='_blank' rel='noopener noreferrer'>A Short Life Of The Holy Mother</a>
Swami Ramakrishnananda His Life And Legacy,https://englishbooks.rkmm.org/s/dd/m/swami-ramakrishnananda-his-life-and-legacy,<a href='https://englishbooks.rkmm.org/s/dd/m/swami-ramakrishnananda-his-life-and-legacy' target='_blank' rel='noopener noreferrer'>Swami Ramakrishnananda His Life And Legacy</a>
Vivekananda A Biography,https://englishbooks.rkmm.org/s/lsv/m/vivekananda-a-biography,<a href='https://englishbooks.rkmm.org/s/lsv/m/vivekananda-a-biography' target='_blank' rel='noopener noreferrer'>Vivekananda A Biography</a>
A Short Life Of Swami Vivekananda,https://englishbooks.rkmm.org/s/lsv/m/a-short-life-of-swami-vivekananda,<a href='https://englishbooks.rkmm.org/s/lsv/m/a-short-life-of-swami-vivekananda' target='_blank' rel='noopener noreferrer'>A Short Life Of Swami Vivekananda</a>
விவேகானந்தரின் வீரமொழிகள்,https://tamilbooks.rkmm.org/s/tabk/m/விவேகானந்தரின்-வீரமொழிகள்,<a href='https://tamilbooks.rkmm.org/s/tabk/m/விவேகானந்தரின்-வீரமொழிகள்' target='_blank' rel='noopener noreferrer'>விவேகானந்தரின் வீரமொழிகள்</a>
 ஸ்ரீசாரதா தேவி வாழ்க்கையும் உபதேசங்களும்,https://tamilbooks.rkmm.org/s/tabk/m/ஸ்ரீசாரதா-தேவி-வாழ்க்கையும்-உபதேசங்களும்,<a href='https://tamilbooks.rkmm.org/s/tabk/m/ஸ்ரீசாரதா-தேவி-வாழ்க்கையும்-உபதேசங்களும்' target='_blank' rel='noopener noreferrer'>ஸ்ரீசாரதா தேவி வாழ்க்கையும் உபதேசங்களும்</a>
Holy Trio And Direct Disciples,https://biographies.rkmm.org/s/sb/m/holy-trio-and-direct-disciples,<a href='https://biographies.rkmm.org/s/sb/m/holy-trio-and-direct-disciples' target='_blank' rel='noopener noreferrer'>Holy Trio And Direct Disciples</a>
Tales And Parables Of Sri Ramakrishna,https://englishbooks.rkmm.org/s/tsr/m/tales-and-parables-of-sri-ramakrishna,<a href='https://englishbooks.rkmm.org/s/tsr/m/tales-and-parables-of-sri-ramakrishna' target='_blank' rel='noopener noreferrer'>Tales And Parables Of Sri Ramakrishna</a>
ତିନୋଟି ଦିବ୍ୟ ଜୀବନ ଓ ବାଣୀ,https://odiabooks.rkmm.org/s/orbk/m/ତିନୋଟି-ଦିବ୍ୟ-ଜୀବନ-ଓ-ବାଣୀ,<a href='https://odiabooks.rkmm.org/s/orbk/m/ତିନୋଟି-ଦିବ୍ୟ-ଜୀବନ-ଓ-ବାଣୀ' target='_blank' rel='noopener noreferrer'>ତିନୋଟି ଦିବ୍ୟ ଜୀବନ ଓ ବାଣୀ</a>
আমাদের গান,https://bengalibooks.rkmm.org/s/bnbk/m/স্তবকুসুমাঞ্জলি-1,<a href='https://bengalibooks.rkmm.org/s/bnbk/m/স্তবকুসুমাঞ্জলি-1' target='_blank' rel='noopener noreferrer'>আমাদের গান</a>
Women of India,https://ereads.rkmm.org/s/er/m/women-of-india/a/women-of-india-1,<a href='https://ereads.rkmm.org/s/er/m/women-of-india/a/women-of-india-1' target='_blank' rel='noopener noreferrer'>Women of India</a>
A Concise Encyclopaedia Of Hinduism,https://referencebooks.rkmm.org/s/enc/m/a-concise-encyclopaedia-of-hinduism,<a href='https://referencebooks.rkmm.org/s/enc/m/a-concise-encyclopaedia-of-hinduism' target='_blank' rel='noopener noreferrer'>A Concise Encyclopaedia Of Hinduism</a>
Chicago Addresses,https://ereads.rkmm.org/s/er/m/chicago-addresses,<a href='https://ereads.rkmm.org/s/er/m/chicago-addresses' target='_blank' rel='noopener noreferrer'>Chicago Addresses</a>
Youth of India,https://ereads.rkmm.org/s/er/m/youth-of-india,<a href='https://ereads.rkmm.org/s/er/m/youth-of-india' target='_blank' rel='noopener noreferrer'>Youth of India</a>
Vedanta A Simple Introduction,https://englishbooks.rkmm.org/s/ved/m/vedanta-a-simple-introduction,<a href='https://englishbooks.rkmm.org/s/ved/m/vedanta-a-simple-introduction' target='_blank' rel='noopener noreferrer'>Vedanta A Simple Introduction</a>
ଯୁଗନାୟକ ବିବେକାନନ୍ଦ,https://odiabooks.rkmm.org/s/orbk/m/ଯୁଗନାୟକ-ବିବେକାନନ୍ଦ,<a href='https://odiabooks.rkmm.org/s/orbk/m/ଯୁଗନାୟକ-ବିବେକାନନ୍ଦ' target='_blank' rel='noopener noreferrer'>ଯୁଗନାୟକ ବିବେକାନନ୍ଦ</a>
ശ്രീരാമകൃഷ്ണവചനാമൃതം ഭാഗം 1,https://malayalambooks.rkmm.org/s/mlbk/m/ശ്രീരാമകൃഷ്ണവചനാമൃതം-ഭാഗം-1,<a href='https://malayalambooks.rkmm.org/s/mlbk/m/ശ്രീരാമകൃഷ്ണവചനാമൃതം-ഭാഗം-1' target='_blank' rel='noopener noreferrer'>ശ്രീരാമകൃഷ്ണവചനാമൃതം ഭാഗം 1</a>
श्रीरामकृष्ण वचनामृतसार,https://hindibooks.rkmm.org/s/hibk/m/श्रीरामकृष्ण-वचनामृतसार,<a href='https://hindibooks.rkmm.org/s/hibk/m/श्रीरामकृष्ण-वचनामृतसार' target='_blank' rel='noopener noreferrer'>श्रीरामकृष्ण वचनामृतसार</a>
स्वामी विवेकानंद संक्षिप्त जीवनी तथा उपदेश,https://hindibooks.rkmm.org/s/hibk/m/स्वामी-विवेकानंद-संक्षिप्त-जीवनी-तथा-उपदेश,<a href='https://hindibooks.rkmm.org/s/hibk/m/स्वामी-विवेकानंद-संक्षिप्त-जीवनी-तथा-उपदेश' target='_blank' rel='noopener noreferrer'>स्वामी विवेकानंद संक्षिप्त जीवनी तथा उपदेश</a>
શ્રીરામકૃષ્ણદેવ પ્રેરણાદાયી સંક્ષિપ્ત જીવન અને સંદેશ,https://gujaratibooks.rkmm.org/s/gubk/m/શ્રીરામકૃષ્ણદેવ-પ્રેરણાદાયી-સંક્ષિપ્ત-જીવન-અને-સંદેશ,<a href='https://gujaratibooks.rkmm.org/s/gubk/m/શ્રીરામકૃષ્ણદેવ-પ્રેરણાદાયી-સંક્ષિપ્ત-જીવન-અને-સંદેશ' target='_blank' rel='noopener noreferrer'>શ્રીરામકૃષ્ણદેવ પ્રેરણાદાયી સંક્ષિપ્ત જીવન અને સંદેશ</a>
ശ്രീരാമകൃഷ്ണവചനാമൃതം ഭാഗം 2,https://malayalambooks.rkmm.org/s/mlbk/m/ശ്രീരാമകൃഷ്ണവചനാമൃതം-ഭാഗം-2,<a href='https://malayalambooks.rkmm.org/s/mlbk/m/ശ്രീരാമകൃഷ്ണവചനാമൃതം-ഭാഗം-2' target='_blank' rel='noopener noreferrer'>ശ്രീരാമകൃഷ്ണവചനാമൃതം ഭാഗം 2</a>
श्रीसारदादेवी संक्षिप्त जीवनी तथा उपदेश,https://hindibooks.rkmm.org/s/hibk/m/श्रीसारदादेवी-संक्षिप्त-जीवनी-तथा-उपदेश,<a href='https://hindibooks.rkmm.org/s/hibk/m/श्रीसारदादेवी-संक्षिप्त-जीवनी-तथा-उपदेश' target='_blank' rel='noopener noreferrer'>श्रीसारदादेवी संक्षिप्त जीवनी तथा उपदेश</a>
 Short Life of Sri Ramakrishna,https://englishbooks.rkmm.org/s/lsr/m/a-short-life-of-sri-ramakrishna,<a href='https://englishbooks.rkmm.org/s/lsr/m/a-short-life-of-sri-ramakrishna' target='_blank' rel='noopener noreferrer'> Short Life of Sri Ramakrishna</a>
Sri Ramakrishna Life and Teachings,https://englishbooks.rkmm.org/s/tsr/m/sri-ramakrishna-life-and-teachings,<a href='https://englishbooks.rkmm.org/s/tsr/m/sri-ramakrishna-life-and-teachings' target='_blank' rel='noopener noreferrer'>Sri Ramakrishna Life and Teachings</a>
શ્રીમા શારદાદેવી પ્રેરણાદાયી સંક્ષિપ્ત જીવન અને સંદેશ,https://gujaratibooks.rkmm.org/s/gubk/m/શ્રીમા-શારદાદેવી-પ્રેરણાદાયી-સંક્ષિપ્ત-જીવન-અને-સંદેશ,<a href='https://gujaratibooks.rkmm.org/s/gubk/m/શ્રીમા-શારદાદેવી-પ્રેરણાદાયી-સંક્ષિપ્ત-જીવન-અને-સંદેશ' target='_blank' rel='noopener noreferrer'>શ્રીમા શારદાદેવી પ્રેરણાદાયી સંક્ષિપ્ત જીવન અને સંદેશ</a>
સ્વામી વિવેકાનંદ પ્રેરણાદાયી સંક્ષિપ્ત જીવન અને સંદેશ,https://gujaratibooks.rkmm.org/s/gubk/m/સ્વામી-વિવેકાનંદ-પ્રેરણાદાયી-સંક્ષિપ્ત-જીવન-અને-સંદેશ,<a href='https://gujaratibooks.rkmm.org/s/gubk/m/સ્વામી-વિવેકાનંદ-પ્રેરણાદાયી-સંક્ષિપ્ત-જીવન-અને-સંદેશ' target='_blank' rel='noopener noreferrer'>સ્વામી વિવેકાનંદ પ્રેરણાદાયી સંક્ષિપ્ત જીવન અને સંદેશ</a>
ദിവ്യജീവിതങ്ങൾ,https://malayalambooks.rkmm.org/s/mlbk/m/ദിവ്യജീവിതങ്ങൾ,<a href='https://malayalambooks.rkmm.org/s/mlbk/m/ദിവ്യജീവിതങ്ങൾ' target='_blank' rel='noopener noreferrer'>ദിവ്യജീവിതങ്ങൾ</a>
పాతంజల యోగ సూత్రాలు,https://telugubooks.rkmm.org/s/tebk/m/పాతంజల-యోగ-సూత్రాలు,<a href='https://telugubooks.rkmm.org/s/tebk/m/పాతంజల-యోగ-సూత్రాలు' target='_blank' rel='noopener noreferrer'>పాతంజల యోగ సూత్రాలు</a>
 కర్మయోగం,https://telugubooks.rkmm.org/s/tebk/m/కర్మయోగం,<a href='https://telugubooks.rkmm.org/s/tebk/m/కర్మయోగం' target='_blank' rel='noopener noreferrer'> కర్మయోగం</a>
শ্রীশ্রীরামকৃষ্ণ কথামৃত,https://bengalibooks.rkmm.org/s/bnbk/m/শ্রীশ্রীরামকৃষ্ণ-কথামৃত,<a href='https://bengalibooks.rkmm.org/s/bnbk/m/শ্রীশ্রীরামকৃষ্ণ-কথামৃত' target='_blank' rel='noopener noreferrer'>শ্রীশ্রীরামকৃষ্ণ কথামৃত</a>
Mental Health And Hindu Psychology,https://englishbooks.rkmm.org/s/sd/m/mental-health-and-hindu-psychology,<a href='https://englishbooks.rkmm.org/s/sd/m/mental-health-and-hindu-psychology' target='_blank' rel='noopener noreferrer'>Mental Health And Hindu Psychology</a>
సందేశ తరంగిణి,https://telugubooks.rkmm.org/s/tebk/m/సందేశ-తరంగిణి,<a href='https://telugubooks.rkmm.org/s/tebk/m/సందేశ-తరంగిణి' target='_blank' rel='noopener noreferrer'>సందేశ తరంగిణి</a>
 రాజయోగం,https://telugubooks.rkmm.org/s/tebk/m/రాజయోగం,<a href='https://telugubooks.rkmm.org/s/tebk/m/రాజయోగం' target='_blank' rel='noopener noreferrer'> రాజయోగం</a>
జ్ఞానయోగం,https://telugubooks.rkmm.org/s/tebk/m/జ్ఞానయోగం,<a href='https://telugubooks.rkmm.org/s/tebk/m/జ్ఞానయోగం' target='_blank' rel='noopener noreferrer'>జ్ఞానయోగం</a>
 చికాగో నగర ఉపన్యాసములు,https://telugubooks.rkmm.org/s/tebk/m/చికాగో-నగర-ఉపన్యాసములు,<a href='https://telugubooks.rkmm.org/s/tebk/m/చికాగో-నగర-ఉపన్యాసములు' target='_blank' rel='noopener noreferrer'> చికాగో నగర ఉపన్యాసములు</a>
ఉత్తేజిత ప్రసంగాలు,https://telugubooks.rkmm.org/s/tebk/m/ఉత్తేజిత-ప్రసంగాలు,<a href='https://telugubooks.rkmm.org/s/tebk/m/ఉత్తేజిత-ప్రసంగాలు' target='_blank' rel='noopener noreferrer'>ఉత్తేజిత ప్రసంగాలు</a>
 స్వామి వివేకానంద ,https://telugubooks.rkmm.org/s/tebk/m/స్వామి-వివేకానంద-సమగ్ర-సప్రామాణిక-జీవితగాథ,<a href='https://telugubooks.rkmm.org/s/tebk/m/స్వామి-వివేకానంద-సమగ్ర-సప్రామాణిక-జీవితగాథ' target='_blank' rel='noopener noreferrer'> స్వామి వివేకానంద</a>
 శ్రీ శారదాదేవి వచనామృతం,https://telugubooks.rkmm.org/s/tebk/m/శ్రీ-శారదాదేవి-వచనామృతం,<a href='https://telugubooks.rkmm.org/s/tebk/m/శ్రీ-శారదాదేవి-వచనామృతం' target='_blank' rel='noopener noreferrer'> శ్రీ శారదాదేవి వచనామృతం</a>
 శ్రీరామకృష్ణ పరమహంస ,https://telugubooks.rkmm.org/s/tebk/m/శ్రీరామకృష్ణ-కథామృతం,<a href='https://telugubooks.rkmm.org/s/tebk/m/శ్రీరామకృష్ణ-కథామృతం' target='_blank' rel='noopener noreferrer'> శ్రీరామకృష్ణ పరమహంస</a>
 శ్రీరామకృష్ణ కథామృతం,https://telugubooks.rkmm.org/s/tebk/m/శ్రీరామకృష్ణ-కథామృతం,<a href='https://telugubooks.rkmm.org/s/tebk/m/శ్రీరామకృష్ణ-కథామృతం' target='_blank' rel='noopener noreferrer'> శ్రీరామకృష్ణ కథామృతం</a>
A Dictionary of Advaita Vedanta,https://referencebooks.rkmm.org/s/dict/m/a-dictionary-of-advaita-vedanta,<a href='https://referencebooks.rkmm.org/s/dict/m/a-dictionary-of-advaita-vedanta' target='_blank' rel='noopener noreferrer'>A Dictionary of Advaita Vedanta</a>
My Life is My work,https://biographies.rkmm.org/s/db/m/my-life-is-my-work-swami-ranganathananda,<a href='https://biographies.rkmm.org/s/db/m/my-life-is-my-work-swami-ranganathananda' target='_blank' rel='noopener noreferrer'>My Life is My work</a>
Awakening India,https://ereads.rkmm.org/s/er/m/awakening-india,<a href='https://ereads.rkmm.org/s/er/m/awakening-india' target='_blank' rel='noopener noreferrer'>Awakening India</a>
Companions And Followers,https://biographies.rkmm.org/s/sb/m/companions-and-followers,<a href='https://biographies.rkmm.org/s/sb/m/companions-and-followers' target='_blank' rel='noopener noreferrer'>Companions And Followers</a>
Josephine Macleod And Vivekananda’s Mission,https://biographies.rkmm.org/s/db/m/josephine-macleod-and-vivekanandas-mission,<a href='https://biographies.rkmm.org/s/db/m/josephine-macleod-and-vivekanandas-mission' target='_blank' rel='noopener noreferrer'>Josephine Macleod And Vivekananda’s Mission</a>
শ্রীশ্রীরামকৃষ্ণ-লীলাপ্রসঙ্গ,https://bengalibooks.rkmm.org/s/bnbk/m/শ্রীশ্রীরামকৃষ্ণ-লীলাপ্রসঙ্গ,<a href='https://bengalibooks.rkmm.org/s/bnbk/m/শ্রীশ্রীরামকৃষ্ণ-লীলাপ্রসঙ্গ' target='_blank' rel='noopener noreferrer'>শ্রীশ্রীরামকৃষ্ণ-লীলাপ্রসঙ্গ</a>
শ্রীরামকৃষ্ণ জীবনী,https://bengalibooks.rkmm.org/s/bnbk/m/শ্রীরামকৃষ্ণ-জীবনী,<a href='https://bengalibooks.rkmm.org/s/bnbk/m/শ্রীরামকৃষ্ণ-জীবনী' target='_blank' rel='noopener noreferrer'>শ্রীরামকৃষ্ণ জীবনী</a>
শ্রীশ্রীরামকৃষ্ণ উপদেশ,https://bengalibooks.rkmm.org/s/bnbk/m/শ্রীশ্রীরামকৃষ্ণ-উপদেশ,<a href='https://bengalibooks.rkmm.org/s/bnbk/m/শ্রীশ্রীরামকৃষ্ণ-উপদেশ' target='_blank' rel='noopener noreferrer'>শ্রীশ্রীরামকৃষ্ণ উপদেশ</a>
Children Humanity’s Greatest Assets,https://ereads.rkmm.org/s/er/m/children-humanitys-greatest-assets,<a href='https://ereads.rkmm.org/s/er/m/children-humanitys-greatest-assets' target='_blank' rel='noopener noreferrer'>Children Humanity’s Greatest Assets</a>
The Approach To Truth In Vedanta,https://ereads.rkmm.org/s/er/m/the-approach-to-truth-in-vedanta,<a href='https://ereads.rkmm.org/s/er/m/the-approach-to-truth-in-vedanta' target='_blank' rel='noopener noreferrer'>The Approach To Truth In Vedanta</a>
Great Thinkers on Ramakrishna-Vivekananda,https://englishbooks.rkmm.org/s/studies-interpretation-on-sri-ramakrishna-and-swami-vivekananda/m/great-thinkers-on-ramakrishna-vivekananda,<a href='https://englishbooks.rkmm.org/s/studies-interpretation-on-sri-ramakrishna-and-swami-vivekananda/m/great-thinkers-on-ramakrishna-vivekananda' target='_blank' rel='noopener noreferrer'>Great Thinkers on Ramakrishna-Vivekananda</a>
छान्दोग्योपनिषद्,https://upanishads.rkmm.org/s/upanishads/m/छान्दोग्योपनिषद्,<a href='https://upanishads.rkmm.org/s/upanishads/m/छान्दोग्योपनिषद्' target='_blank' rel='noopener noreferrer'>छान्दोग्योपनिषद्</a>
ईशावास्योपनिषद्शाङ्करभाष्यम्,https://upanishads.rkmm.org/s/upanishads/m/ईशावास्योपनिषद्शाङ्करभाष्यम्,<a href='https://upanishads.rkmm.org/s/upanishads/m/ईशावास्योपनिषद्शाङ्करभाष्यम्' target='_blank' rel='noopener noreferrer'>ईशावास्योपनिषद्शाङ्करभाष्यम्</a>
बृहदारण्यकोपनिषत्,https://upanishads.rkmm.org/s/upanishads/m/बृहदारण्यकोपनिषत्,<a href='https://upanishads.rkmm.org/s/upanishads/m/बृहदारण्यकोपनिषत्' target='_blank' rel='noopener noreferrer'>बृहदारण्यकोपनिषत्</a>
कठोपनिषद्शाङ्करभाष्यम्,https://upanishads.rkmm.org/s/upanishads/m/कठोपनिषद्शाङ्करभाष्यम्,<a href='https://upanishads.rkmm.org/s/upanishads/m/कठोपनिषद्शाङ्करभाष्यम्' target='_blank' rel='noopener noreferrer'>कठोपनिषद्शाङ्करभाष्यम्</a>
प्रश्नोपनिषद्शाङ्करभाष्यम्,https://upanishads.rkmm.org/s/upanishads/m/प्रश्नोपनिषद्शाङ्करभाष्यम्,<a href='https://upanishads.rkmm.org/s/upanishads/m/प्रश्नोपनिषद्शाङ्करभाष्यम्' target='_blank' rel='noopener noreferrer'>प्रश्नोपनिषद्शाङ्करभाष्यम्</a>
The Early History of the Ramakrishna Movement,https://englishbooks.rkmm.org/s/ramakrishna-movement/m/the-early-history-of-the-ramakrishna-movement,<a href='https://englishbooks.rkmm.org/s/ramakrishna-movement/m/the-early-history-of-the-ramakrishna-movement' target='_blank' rel='noopener noreferrer'>The Early History of the Ramakrishna Movement</a>
Life Of Swami Vivekananda His Eastern And Western Disciples,https://englishbooks.rkmm.org/s/lsv/m/life-of-swami-vivekananda-his-eastern-and-western-disciples,<a href='https://englishbooks.rkmm.org/s/lsv/m/life-of-swami-vivekananda-his-eastern-and-western-disciples' target='_blank' rel='noopener noreferrer'>Life Of Swami Vivekananda His Eastern And Western Disciples</a>
Swami Vivekananda In The West New Discoveries,https://englishbooks.rkmm.org/s/lsv/m/swami-vivekananda-in-the-west-new-discoveries,<a href='https://englishbooks.rkmm.org/s/lsv/m/swami-vivekananda-in-the-west-new-discoveries' target='_blank' rel='noopener noreferrer'>Swami Vivekananda In The West New Discoveries</a>
A Chronology of Events in the Life of Swami Vivekananda (1897-1902),https://chronologyofvivekananda.rkmm.org/s/csv/m/a-chronology-of-events-in-the-life-of-swami-vivekananda-1897-1902,<a href='https://chronologyofvivekananda.rkmm.org/s/csv/m/a-chronology-of-events-in-the-life-of-swami-vivekananda-1897-1902' target='_blank' rel='noopener noreferrer'>A Chronology of Events in the Life of Swami Vivekananda (1897-1902)</a>
